match_id,winner,loser,q_winner,loser_pre,released,winner_pre,winner_post,winner_share,next_opponent_share,field_share,implied_winner_share,excess_absorption,raw_vig_pre,raw_vig_post
KO1_GER_NED,GER,NED,0.55,0.06375266961886365,0.06278297703756884,0.07747831524297753,0.16443768868985997,1.3850788470073128,-0.2499724527360833,-0.1351063942712317,1.0096900756590523,1.3717861355656427,1.0542482598693703,1.0312546669839568
KO2_ARG_POR,ARG,POR,0.58,0.06594134320577144,0.06499460280849255,0.10014881492397107,0.19119487444331973,1.4008249236881571,-0.18927963791270055,-0.2115452857754604,1.1158088902902517,1.2554344528692232,1.0389455707294606,1.056255762270403
KO3_ENG_MAR,ENG,MAR,0.78,0.029319602826693505,0.028353313190187326,0.11821922349251747,0.17901464760052047,2.144208816098551,-1.754094333087014,0.6098855169884613,1.1760136575753488,1.8232856415285028,1.0708149195434542,1.0348863966043407
KO4_USA_BEL,USA,BEL,0.53,0.01368520298016629,0.012734628744878565,0.03695852522549752,0.07859138427795066,3.2692636657504806,-0.5835223655428678,-1.6857413002075987,2.5736550231891253,1.2702804518452504,1.0628624867882586,1.051995691527778
